<HEADER>
	<JNS_AJU>1</JNS_AJU> // Gk ada
	<KD_JNS_PIBK>1</KD_JNS_PIBK> // Gk ada
	<NO_BARANG>1601061542</NO_BARANG> // Gk ada
	<NO_KANTONG>17210634F1CGK</NO_KANTONG> // Gk ada
	<KD_KANTOR>020400</KD_KANTOR> // Ada Kantor Pabean Asal
	<KD_JNS_ANGKUT>4</KD_JNS_ANGKUT> // Ada (Cara Angkut)
	<NM_PENGANGKUT>GA</NM_PENGANGKUT> // Ada
	<NO_FLIGHT>159</NO_FLIGHT> // Ada (Nomor Vof Flight Pol) +
	<KD_PEL_MUAT>IDBTH</KD_PEL_MUAT> // Ada (Pelabuhan Muat) +
	<KD_PEL_BONGKAR>IDMES</KD_PEL_BONGKAR> // Kurang Yakin (Pelabuhan Tujuan) +
	<KD_GUDANG>BT20</KD_GUDANG> // Gk ada +
	<NO_INVOICE>1601061542</NO_INVOICE> // Gk Ada +
	<TGL_INVOICE>2021/06/18</TGL_INVOICE> // Gk Ada
	<KD_NEGARA_ASAL>ID</KD_NEGARA_ASAL> // Gk Ada
	<JML_BRG>1</JML_BRG> // Gk ada
	<NO_BC11>000000</NO_BC11> // Gk Ada
	<TGL_BC11>2021/06/18</TGL_BC11> // Gk Ada
	<NO_POS_BC11>0000</NO_POS_BC11> // Gk Ada
	<NO_SUBPOS_BC11>0000</NO_SUBPOS_BC11> // Gk Ada
	<NO_SUBSUBPOS_BC11>0000</NO_SUBSUBPOS_BC11> // Gk Ada
	<NO_MASTER_BLAWB>0</NO_MASTER_BLAWB> // Gk Ada
	<TGL_MASTER_BLAWB>2021/06/18</TGL_MASTER_BLAWB> // Gk Ada
	<NO_HOUSE_BLAWB>1601061542</NO_HOUSE_BLAWB> // Gk Ada
	<TGL_HOUSE_BLAWB>2021/06/18</TGL_HOUSE_BLAWB> // Gk Ada
	<KD_NEG_PENGIRIM>ID</KD_NEG_PENGIRIM> // Gk Ada +
	<NM_PENGIRIM>jupri</NM_PENGIRIM> // Ada (Nama Pengirim) +
	<AL_PENGIRIM> batam</AL_PENGIRIM> // Ada (Alamat Pengirim) +
	<JNS_ID_PENERIMA>5</JNS_ID_PENERIMA> // Ada (Jenis Identitas Penerima) +
	<NO_ID_PENERIMA>0</NO_ID_PENERIMA> // Gk Ada
	<NM_PENERIMA>helen </NM_PENERIMA> // Ada (Nama Penerima)
	<AL_PENERIMA> jln rami 6 no 16 perumnas simalingkar kel mangga kec medan tuntungan </AL_PENERIMA> // Ada (Alamat Penerima) +
	<TELP_PENERIMA>81275371788</TELP_PENERIMA> // Gk Ada +
	<JNS_ID_PEMBERITAHU>5</JNS_ID_PEMBERITAHU> // Ada +
	<NO_ID_PEMBERITAHU>840446710225000</NO_ID_PEMBERITAHU> // Gk Ada +
	<NM_PEMBERITAHU>PT INDO BERJAYA LOGISTIK</NM_PEMBERITAHU> // Gk Ada +
	<AL_PEMBERITAHU>RUKO KINTAMANI KELTELUK TERING KEC BATAM KOTA KOTA BATAM</AL_PEMBERITAHU> // Gk Ada +
	<NO_IZIN_PEMBERITAHU>53201</NO_IZIN_PEMBERITAHU> // Gk Ada
	<TGL_IZIN_PEMBERITAHU>2018</TGL_IZIN_PEMBERITAHU> // Gk Ada
	<KD_VAL>USD</KD_VAL> // Ada (Valuta) +
	<NDPBM>14249</NDPBM> // Ada (Kurs NDPBM) +
	<FOB>2.67</FOB> // Gk Ada 
	<ASURANSI>0</ASURANSI> // Gk Ada
	<FREIGHT>0</FREIGHT> // Ada (Freight)
	<CIF>2.67</CIF> // Ada (CIF) +
	<NETTO>1</NETTO> // Gk Ada
	<BRUTO>1</BRUTO> // Gk Ada
	<TOT_DIBAYAR>20000</TOT_DIBAYAR> // Gk Ada
	<NPWP_BILLING>0</NPWP_BILLING> // Gk Ada
	<NAMA_BILLING>helen </NAMA_BILLING> // Gk Ada
	<HEADER_PUNGUTAN> /***/ Gk Ada
		<PUNGUTAN_TOTAL>
			<KD_PUNGUTAN>1</KD_PUNGUTAN>
			<NILAI>8000</NILAI>
		</PUNGUTAN_TOTAL>
		<PUNGUTAN_TOTAL>
			<KD_PUNGUTAN>2</KD_PUNGUTAN>
			<NILAI>7000</NILAI>
		</PUNGUTAN_TOTAL>
		<PUNGUTAN_TOTAL>
			<KD_PUNGUTAN>3</KD_PUNGUTAN>
			<NILAI>5000</NILAI>
		</PUNGUTAN_TOTAL>
		<PUNGUTAN_TOTAL>
			<KD_PUNGUTAN>4</KD_PUNGUTAN>
			<NILAI>0</NILAI>
		</PUNGUTAN_TOTAL>
	</HEADER_PUNGUTAN> /***/ Gk Ada
	<DETIL> 
		<BARANG>
			<SERI_BRG>1</SERI_BRG> // Gk Ada
			<HS_CODE>42029990</HS_CODE> // Gk Ada (Adanya Di List Dokumen)
			<UR_BRG>TAS</UR_BRG> // Ada
			<KD_NEG_ASAL>ID</KD_NEG_ASAL>
			<JML_KMS>1</JML_KMS>
			<JNS_KMS>PK</JNS_KMS>
			<CIF>2.67</CIF>
			<KD_SAT_HRG>PCE</KD_SAT_HRG>
			<JML_SAT_HRG>1</JML_SAT_HRG>
			<FL_BEBAS>0</FL_BEBAS>
			<NO_SKEP>0</NO_SKEP>
			<TGL_SKEP></TGL_SKEP>
			<DETIL_PUNGUTAN>
				<KD_PUNGUTAN>1</KD_PUNGUTAN>
				<NILAI>7608.97</NILAI>
				<KD_TARIF>1</KD_TARIF>
				<KD_SAT_TARIF>1</KD_SAT_TARIF>
				<JML_SAT>1</JML_SAT>
				<TARIF>20</TARIF>
			</DETIL_PUNGUTAN>
			<DETIL_PUNGUTAN>
				<KD_PUNGUTAN>2</KD_PUNGUTAN>
				<NILAI>6848.07</NILAI>
				<KD_TARIF>1</KD_TARIF>
				<KD_SAT_TARIF>1</KD_SAT_TARIF>
				<JML_SAT>1</JML_SAT>
				<TARIF>15</TARIF>
			</DETIL_PUNGUTAN>
			<DETIL_PUNGUTAN>
				<KD_PUNGUTAN>3</KD_PUNGUTAN>
				<NILAI>4565.38</NILAI>
				<KD_TARIF>1</KD_TARIF>
				<KD_SAT_TARIF>1</KD_SAT_TARIF>
				<JML_SAT>1</JML_SAT>
				<TARIF>10</TARIF>
			</DETIL_PUNGUTAN>
			<DETIL_PUNGUTAN>
				<KD_PUNGUTAN>4</KD_PUNGUTAN>
				<NILAI>0</NILAI>
				<KD_TARIF>1</KD_TARIF>
				<KD_SAT_TARIF>1</KD_SAT_TARIF>
				<JML_SAT>1</JML_SAT>
				<TARIF>0</TARIF>
			</DETIL_PUNGUTAN>
		</BARANG>
	</DETIL>
</HEADER>       